player_id,player_name,team,position,position_group,season_prior,season_next,opportunities_prior,actual_td_prior,xtd_prior,regression_signal_efficiency,prior_group_share,team_group_xtd_pool_prior,vacated_opportunity_share_gained,stolen_opportunity_share_lost,net_opportunity_share_change,regression_signal_opportunity,combined_signal,projected_td_next_season,regression_label,vegas_player_name,vegas_market,vegas_td_line,vegas_diff
00-0033280,Christian McCaffrey,SF,RB,RB,2025,2026,440,17,23.114808627693463,6.1148086276934634,0.7930457678818922,29.146878482725775,0.10057792648910445,0.0,0.10057792648910445,2.9315326014224534,9.046341229115917,26.046341229115917,Strong Positive (Buy),Christian McCaffrey,rush_rec,12.5,13.546341229115917
00-0036997,Javonte Williams,DAL,RB,RB,2025,2026,303,13,16.81274073148232,3.8127407314823216,0.7356555987053525,22.854091997764055,0.03549059850603519,0.0,0.03549059850603519,0.8111054033126358,4.623846134794958,17.623846134794956,Strong Positive (Buy),Javonte Williams,rush_rec,10.5,7.123846134794956
00-0036555,Chuba Hubbard,CAR,RB,RB,2025,2026,173,4,5.408446197850136,1.408446197850136,0.38014016643670934,14.227505208267972,0.45450451496811173,0.02433689243028062,0.4301676225378311,6.120212090085243,7.528658287935379,11.528658287935379,Strong Positive (Buy),Chuba Hubbard,rush_only,4.5,7.028658287935379
00-0036223,Jonathan Taylor,IND,RB,RB,2025,2026,378,20,17.287165706719804,-2.7128342932801957,0.8464169725128117,20.423935563813544,0.08461765773785361,0.0,0.08461765773785361,1.7282255891987506,-0.9846087040814451,19.015391295918555,Negative,Jonathan Taylor,rush_rec,13.5,5.515391295918555
00-0032764,Derrick Henry,BAL,RB,RB,2025,2026,328,16,17.212467691687117,1.2124676916871167,0.8482134761440152,20.29261285724335,0.0660135802995645,0.0,0.0660135802995645,1.3395880283396089,2.5520557200267255,18.552055720026726,Positive,Derrick Henry,rush_rec,13.5,5.0520557200267255
00-0039067,Rashee Rice,KC,WR,WR,2025,2026,83,6,8.082534707048348,2.0825347070483478,0.419298340798822,19.276333628342027,0.21778421493013148,0.0,0.21778421493013148,4.198081185979761,6.280615893028108,12.28061589302811,Strong Positive (Buy),Rashee Rice,rec_only,7.5,4.780615893028109
00-0034753,Mark Andrews,BAL,TE,TE,2025,2026,80,6,7.3340895053983,1.3340895053982997,0.7050191648024398,10.402681049746294,0.2949808351975602,0.021440806530061196,0.273540028667499,2.8455496725664498,4.1796391779647495,10.179639177964749,Strong Positive (Buy),Mark Andrews,rec_only,5.5,4.679639177964749
00-0037744,Trey McBride,ARI,TE,TE,2025,2026,169,11,10.332806626453314,-0.6671933735466862,0.7835267939387415,13.187560025242945,0.06221361879658628,0.0,0.06221361879658628,0.8204458322675643,0.15325245872087812,11.153252458720878,Neutral,Trey McBride,rec_only,6.5,4.653252458720878
00-0038542,Bijan Robinson,ATL,RB,RB,2025,2026,390,11,11.233385617405377,0.23338561740537678,0.605740431538759,18.544883307309156,0.39136618377890986,0.13756915252120547,0.25379703125770436,4.706636328415621,4.940021945820998,15.940021945820998,Strong Positive (Buy),Bijan Robinson,rush_rec,11.5,4.440021945820998
00-0040784,Quinshon Judkins,CLE,RB,RB,2025,2026,266,7,8.186555747170134,1.186555747170134,0.4960740362740505,16.502689414383227,0.12369273897440435,0.0,0.12369273897440435,2.0412628541089703,3.2278186012791044,10.227818601279104,Positive,Quinshon Judkins,rush_only,6.0,4.227818601279104
00-0040236,Kyle Monangai,CHI,RB,RB,2025,2026,199,5,8.632469507864926,3.6324695078649256,0.46179076547444653,18.69346499165239,0.00021387949885246155,0.0,0.00021387949885246155,0.003998148924230648,3.636467656789156,8.636467656789156,Strong Positive (Buy),Kyle Monangai,rush_only,4.5,4.136467656789156
00-0033090,Hunter Henry,NE,TE,TE,2025,2026,87,7,7.258539372220361,0.25853937222036105,0.7843487966895897,9.254223889748591,0.2156512033104104,0.13401066006223777,0.08164054324817263,0.7555198656992922,1.0140592379196534,8.014059237919653,Neutral,Hunter Henry,rec_only,4.0,4.014059237919653
00-0040128,Tyler Warren,IND,TE,TE,2025,2026,118,5,9.001188989136711,4.001188989136711,0.8018513673505417,11.225508062520646,0.0,0.0,0.0,0.0,4.001188989136711,9.001188989136711,Strong Positive (Buy),Tyler Warren,rec_only,5.0,4.001188989136711
00-0040734,TreVeyon Henderson,NE,RB,RB,2025,2026,222,10,8.81674089586067,-1.1832591041393297,0.442349715969289,19.93160745348549,0.04126464864776353,0.013799337484563324,0.02746531116320021,0.5474278006927396,-0.6358313034465901,9.36416869655341,Negative,TreVeyon Henderson,rush_only,5.5,3.86416869655341
00-0038041,Jake Ferguson,DAL,TE,TE,2025,2026,103,8,8.261900403440293,0.2619004034402934,0.8385250245549128,9.852896647688828,0.0,0.0,0.0,0.0,0.2619004034402934,8.261900403440293,Neutral,Jake Ferguson,rec_only,4.5,3.7619004034402934
00-0031381,Davante Adams,LA,WR,WR,2025,2026,114,14,12.61201441202637,-1.3879855879736294,0.5280767976068282,23.882917161258163,0.0055741755927449285,0.0,0.0055741755927449285,0.13312757392383426,-1.2548580140497951,12.745141985950205,Negative,Davante Adams,rec_only,9.0,3.7451419859502053
00-0039919,Rome Odunze,CHI,WR,WR,2025,2026,90,6,5.12928550863311,-0.8707144913668898,0.2950992015986019,17.381563490673337,0.3562450724338607,0.06270243937762346,0.2935426330562373,5.102229913686414,4.231515422319524,10.231515422319525,Strong Positive (Buy),Rome Odunze,rec_only,6.5,3.731515422319525
00-0040719,Bhayshul Tuten,JAX,RB,RB,2025,2026,97,7,5.23413861613402,-1.76586138386598,0.27350593293511527,19.13720320420154,0.5335639751289812,0.3353116549120277,0.19825232021695355,3.793994937696273,2.028133553830293,9.028133553830294,Positive,Bhayshul Tuten,rush_only,5.5,3.528133553830294
00-0036275,D'Andre Swift,CHI,RB,RB,2025,2026,271,10,10.021357753996972,0.021357753996971596,0.5360888288218386,18.69346499165239,0.00024829082480897424,0.0,0.00024829082480897424,0.004641415841315057,0.02599916983828665,10.025999169838286,Neutral,D'Andre Swift,rush_only,6.5,3.525999169838286
00-0038997,Josh Downs,IND,WR,WR,2025,2026,90,4,4.4458677252256615,0.44586772522566154,0.32150113076560066,13.82846683816812,0.23339688612810647,0.02984391483617667,0.20355297129192979,2.8148255133210385,3.2606932385467,7.2606932385467005,Positive,Josh Downs,rec_only,4.0,3.2606932385467005
00-0039915,Ladd McConkey,LAC,WR,WR,2025,2026,106,6,5.871887151485897,-0.1281128485141032,0.3169922476550008,18.523756321878817,0.1517499431761968,0.0,0.1517499431761968,2.810978969254827,2.682866120740724,8.682866120740723,Positive,Ladd McConkey,rec_only,5.5,3.182866120740723
00-0039139,Jahmyr Gibbs,DET,RB,RB,2025,2026,337,18,12.624632597363313,-5.375367402636687,0.5474294589351435,23.061660989017053,0.4520127891119699,0.19479451452006058,0.2572182745919093,5.931880648818511,0.5565132461818241,18.556513246181822,Neutral,Jahmyr Gibbs,rush_rec,15.5,3.0565132461818223
00-0034960,Jakobi Meyers,JAX,WR,WR,2025,2026,115,3,5.385124544824807,2.385124544824807,0.2550973682447707,21.110074877988076,0.0883248691063876,0.0,0.0883248691063876,1.8645446004243378,4.249669145249145,7.249669145249145,Strong Positive (Buy),Jakobi Meyers,rec_only,4.5,2.749669145249145
00-0037840,Kyren Williams,LA,RB,RB,2025,2026,309,13,15.20213086215314,2.2021308621531404,0.6548705626817858,23.213947501164668,0.0,0.0,0.0,0.0,2.2021308621531404,15.20213086215314,Positive,Kyren Williams,rush_rec,12.5,2.7021308621531404
00-0039738,Blake Corum,LA,RB,RB,2025,2026,159,6,7.982824014755145,1.9828240147551446,0.3438805060774191,23.213947501164668,0.0,0.0,0.0,0.0,1.9828240147551446,7.982824014755145,Positive,Blake Corum,rush_only,5.5,2.4828240147551446
00-0038559,Michael Wilson,ARI,WR,WR,2025,2026,126,7,5.236810670000966,-1.763189329999034,0.3978419187733051,13.163043970198025,0.140321138478478,0.0901304051338915,0.050190733344586486,0.6606628299112761,-1.102526500087758,5.897473499912242,Negative,Michael Wilson,rec_only,3.5,2.397473499912242
00-0040663,Harold Fannin Jr.,CLE,TE,TE,2025,2026,114,7,4.69942857651018,-2.30057142348982,0.5886815689458741,7.982972160866592,0.30620247311301735,0.08478831290407222,0.2214141602089451,1.7675430769696643,-0.5330283465201555,6.4669716534798445,Negative,Harold Fannin,rec_only,4.5,1.9669716534798445
00-0036554,Nico Collins,HOU,WR,WR,2025,2026,122,7,7.079729911687185,0.0797299116871848,0.3778173885227936,18.738496762596903,0.07389343467335506,0.0,0.07389343467335506,1.3846518864038295,1.4643817980910143,8.464381798091015,Neutral,Nico Collins,rec_only,6.5,1.964381798091015
00-0036894,Pat Freiermuth,PIT,TE,TE,2025,2026,54,4,2.8479180919827787,-1.1520819080172213,0.2525295441958832,11.277563981874902,0.23625637415481876,0.006182122892311507,0.23007425126250725,2.594677089194888,1.4425951811776665,5.4425951811776665,Neutral,Pat Freiermuth,rec_only,3.5,1.9425951811776665
00-0037525,Jordan Mason,MIN,RB,RB,2025,2026,175,6,5.279418295339645,-0.7205817046603551,0.4202550331620886,12.562415387666327,0.0921680004214269,0.0,0.0921680004214269,1.1578527067445696,0.43727100208421454,6.4372710020842145,Neutral,Jordan Mason,rush_only,4.5,1.9372710020842145
00-0038597,Chase Brown,CIN,RB,RB,2025,2026,320,11,11.930916724209675,0.9309167242096752,0.7524460933602348,15.85617472067561,0.0,0.0,0.0,0.0,0.9309167242096752,11.930916724209675,Neutral,Chase Brown,rush_rec,10.0,1.9309167242096752
00-0038606,Parker Washington,JAX,WR,WR,2025,2026,102,5,4.603118303323012,-0.3968816966769877,0.21805314902614495,21.110074877988076,0.07549868498639317,0.0,0.07549868498639317,1.593782893252394,1.1969011965754064,6.196901196575406,Neutral,Parker Washington,rec_only,4.5,1.6969011965754062
00-0038544,Quentin Johnston,LAC,WR,WR,2025,2026,86,8,4.631135884544259,-3.3688641154557413,0.2500106244150017,18.523756321878817,0.11968462424265054,0.0,0.11968462424265054,2.217008814946489,-1.1518553005092524,6.8481446994907476,Negative,Quentin Johnston,rec_only,5.5,1.3481446994907476
00-0036875,Rhamondre Stevenson,NE,RB,RB,2025,2026,167,9,8.187707357383053,-0.8122926426169474,0.41079011697830964,19.93160745348549,0.03832060750381603,0.012814818807073669,0.02550578869674236,0.508371368095016,-0.3039212745219314,8.696078725478069,Negative,Rhamondre Stevenson,rush_rec,7.5,1.1960787254780687
00-0034351,Dallas Goedert,PHI,TE,TE,2025,2026,82,11,6.320721643065482,-4.679278356934518,0.8407675785116829,7.517798978707469,0.03833492499449717,0.12162987735698864,-0.08329495236249147,-0.6261947078022256,-5.305473064736744,5.694526935263256,Strong Negative (Sell),Dallas Goedert,rec_only,4.5,1.194526935263256
00-0040584,Gunnar Helm,TEN,TE,TE,2025,2026,55,2,2.6702376426659815,0.6702376426659815,0.45556011099171706,5.861438651538417,0.3501156981163992,0.18486118379954988,0.16525451431684932,0.9686291975579893,1.6388668402239708,3.6388668402239706,Positive,Gunnar Helm,rec_only,2.5,1.1388668402239706
00-0030506,Travis Kelce,KC,TE,TE,2025,2026,109,5,5.556094664728758,0.5560946647287581,0.804786846792415,6.903808986035635,0.010309266598827537,0.0,0.010309266598827537,0.07117320738442258,0.6272678721131807,5.627267872113181,Neutral,Travis Kelce,rec_only,4.5,1.1272678721131806
00-0034383,Dalton Schultz,HOU,TE,TE,2025,2026,106,3,4.771668025545798,1.7716680255457984,0.7916430811138144,6.027549711963915,0.02205643240996489,0.050024078443192115,-0.027967646033227225,-0.1685763767918875,1.6030916487539109,4.603091648753911,Positive,Dalton Schultz,rec_only,3.5,1.103091648753911
00-0035640,DK Metcalf,PIT,WR,WR,2025,2026,101,7,5.909998030323902,-1.0900019696760976,0.4978958385931948,11.869948636290289,0.34048747864951895,0.29343416103494974,0.04705331761456921,0.5585204632519897,-0.531481506424108,6.468518493575892,Negative,DK Metcalf,rec_only,5.5,0.9685184935758917
00-0038563,Tre Tucker,LV,WR,WR,2025,2026,103,5,4.082950294530769,-0.917049705469231,0.5350124327203308,7.631505447024006,0.14997065401901302,0.18243754854989977,-0.03246689453088675,-0.24777128246041613,-1.1648209879296472,3.835179012070353,Negative,Tre Tucker,rec_only,3.0,0.8351790120703528
00-0036963,Amon-Ra St. Brown,DET,WR,WR,2025,2026,175,11,12.622041527610186,1.622041527610186,0.6097293232703701,20.701057085314623,0.028781479649614555,0.1419389463596573,-0.11315746671004273,-2.342479177994184,-0.7204376503839978,10.279562349616002,Negative,Amon-Ra St. Brown,rec_only,9.5,0.7795623496160022
00-0035229,T.J. Hockenson,MIN,TE,TE,2025,2026,67,3,3.549770891656401,0.5497708916564008,0.6501508618899077,5.459918766142459,0.03092213748641359,0.0,0.03092213748641359,0.16883235875130675,0.7186032504077076,3.718603250407708,Neutral,T.J. Hockenson,rec_only,3.0,0.7186032504077078
00-0034844,Saquon Barkley,PHI,RB,RB,2025,2026,330,9,10.842524812231636,1.8425248122316358,0.6894445829180526,15.726463128248815,0.020706870746423887,0.0038573405772904094,0.016849530169133476,0.2649835149331936,2.1075083271648296,11.10750832716483,Positive,Saquon Barkley,rush_rec,10.5,0.6075083271648296
00-0037248,James Cook,BUF,RB,RB,2025,2026,349,14,12.709329618496277,-1.2906703815037233,0.5763927669369322,22.049772910989542,0.016929723093725087,0.0,0.016929723093725087,0.37329654966257353,-0.9173738318411497,13.08262616815885,Negative,James Cook III,rush_rec,12.5,0.5826261681588498
00-0038935,Brenton Strange,JAX,TE,TE,2025,2026,60,3,3.1277482827336627,0.12774828273366268,0.5045841975333247,6.198664758079535,0.06737624387433395,0.0,0.06737624387433395,0.41764274843560606,0.5453910311692687,3.545391031169269,Neutral,Brenton Strange,rec_only,3.0,0.5453910311692689
00-0037239,Chris Olave,NO,WR,WR,2025,2026,157,9,5.795581410813392,-3.2044185891866084,0.5826225450183883,9.947403272268629,0.021711603893234715,0.0,0.021711603893234715,0.2159740796137633,-2.988444509572845,6.011555490427155,Strong Negative (Sell),Chris Olave,rec_only,5.5,0.5115554904271553
00-0036912,DeVonta Smith,PHI,WR,WR,2025,2026,113,4,3.9704661677490756,-0.02953383225092443,0.3794108715854477,10.46481918443099,0.5248654710717705,0.3317955729412963,0.1930698981304742,2.0204415738919232,1.9909077416409988,5.990907741640999,Positive,Devonta Smith,rec_only,5.5,0.49090774164099926
00-0037261,Khalil Shakir,BUF,WR,WR,2025,2026,96,4,4.059262357083755,0.059262357083754935,0.28825912568084283,14.081990804267281,0.11567432329784848,0.12310985358746337,-0.007435530289614897,-0.10470706916320782,-0.04544471207945289,3.954555287920547,Neutral,Khalil Shakir,rec_only,3.5,0.454555287920547
00-0040122,Ashton Jeanty,LV,RB,RB,2025,2026,339,10,9.992966567465553,-0.007033432534447215,0.9082625387922975,11.002288590205476,0.08723816891878199,0.0,0.08723816891878199,0.959819510525533,0.9527860779910858,10.952786077991085,Neutral,Ashton Jeanty,rush_rec,10.5,0.4527860779910853
00-0040130,Jayden Higgins,HOU,WR,WR,2025,2026,68,6,3.280686671784324,-2.719313328215676,0.1750773668426146,18.738496762596903,0.03424158962124442,0.0,0.03424158962124442,0.6416359162638603,-2.0776774119518158,3.9223225880481842,Strong Negative (Sell),Jayden Higgins,rec_only,3.5,0.42232258804818423
00-0039893,Brian Thomas Jr.,JAX,WR,WR,2025,2026,94,3,3.6340693242048188,0.6340693242048188,0.1721485757492097,21.110074877988076,0.05960469339421218,0.0,0.05960469339421218,1.2582595406313404,1.8923288648361591,4.892328864836159,Positive,Brian Thomas,rec_only,4.5,0.39232886483615914
00-0037247,George Pickens,DAL,WR,WR,2025,2026,137,9,8.389288606474352,-0.6107113935256478,0.3963317841403479,21.167337423292704,0.033208897157471065,0.08731660724883211,-0.05410771009136105,-1.145316156705539,-1.7560275502311868,7.243972449768814,Negative,George Pickens,rec_only,7.0,0.2439724497688136
00-0039075,Puka Nacua,LA,WR,WR,2025,2026,176,11,8.103929729462346,-2.8960702705376544,0.3393190904923537,23.882917161258163,0.003581721827102727,0.0,0.003581721827102727,0.08554196569136466,-2.8105283048462897,8.18947169515371,Strong Negative (Sell),Puka Nacua,rec_only,8.0,0.18947169515370987
00-0040126,Colston Loveland,CHI,TE,TE,2025,2026,83,6,5.543689720614842,-0.4563102793851579,0.7377619248659574,7.514198732364869,0.016164796980963084,0.0,0.016164796980963084,0.12146549698328826,-0.33484478240186966,5.66515521759813,Negative,Colston Loveland,rec_only,5.5,0.16515521759813012
00-0036407,Jerry Jeudy,CLE,WR,WR,2025,2026,107,2,3.748776222196564,1.7487762221965641,0.41652048975466527,9.000220431903916,0.0,0.024220706370165854,-0.024220706370165854,-0.21799169634791205,1.530784525848652,3.5307845258486523,Positive,Jerry Jeudy,rec_only,3.5,0.030784525848652322
00-0040129,Emeka Egbuka,TB,WR,WR,2025,2026,129,6,4.693192783841032,-1.306807216158968,0.282786677307745,16.596230163748576,0.17071254704345307,0.06755063672764974,0.10316191031580332,1.7120988077330606,0.40529159157409245,6.405291591574093,Neutral,Emeka Egbuka,rec_only,6.5,-0.09470840842590711
00-0037545,Rashid Shaheed,SEA,WR,WR,2025,2026,101,2,3.377779452138366,1.3777794521383662,0.21335007864853364,15.83209846246561,0.0006931701982074783,0.0,0.0006931701982074783,0.0109743388292676,1.3887537909676337,3.388753790967634,Neutral,Rashid Shaheed,rec_only,3.5,-0.11124620903236604
00-0039894,Xavier Worthy,KC,WR,WR,2025,2026,84,1,2.535914497193538,1.535914497193538,0.1315558521701958,19.276333628342027,0.06833031566441872,0.0,0.06833031566441872,1.3171579616772604,2.8530724588707983,3.8530724588707983,Positive,Xavier Worthy,rec_only,4.0,-0.1469275411292017
00-0037238,Drake London,ATL,WR,WR,2025,2026,112,7,6.078272372993246,-0.9217276270067538,0.5040858664054142,12.058009910765396,0.3295204424631752,0.26778076167071196,0.061739680792463225,0.7444576828830135,-0.1772699441237403,6.82273005587626,Neutral,Drake London,rec_only,7.0,-0.17726994412373998
00-0038124,Christian Watson,GB,WR,WR,2025,2026,56,6,2.7416881994326077,-3.2583118005673923,0.20664983743539925,13.267313603813921,0.27115585731598524,0.004220888853453277,0.26693496846253195,3.5415099384165902,0.2831981378491979,6.2831981378491975,Neutral,Christian Watson,rec_only,6.5,-0.21680186215080255
00-0033921,Chris Godwin Jr.,TB,WR,WR,2025,2026,51,2,2.999375253327168,0.9993752533271678,0.18072629890845654,16.596230163748576,0.10910077906825798,0.043170974958668715,0.06592980410958926,1.0941862036536,2.093561456980768,4.093561456980768,Positive,Chris Godwin,rec_only,4.5,-0.4064385430192319
00-0039064,Zay Flowers,BAL,WR,WR,2025,2026,128,6,3.9705381317485635,-2.0294618682514365,0.4432403942944431,8.957978972266115,0.11669860279234039,0.0,0.11669860279234039,1.045383629906621,-0.9840782383448154,5.015921761655185,Negative,Zay Flowers,rec_only,5.5,-0.4840782383448152
00-0038994,Jordan Addison,MIN,WR,WR,2025,2026,81,4,4.474302488397202,0.47430248839720157,0.28143056762116325,15.898423992166013,0.1004810678598114,0.1336690724183411,-0.033188004558529716,-0.5276369679254438,-0.05333447952824222,3.9466655204717576,Neutral,Jordan Addison,rec_only,4.5,-0.5533344795282424
00-0036158,J.K. Dobbins,DEN,RB,RB,2025,2026,167,4,4.938491115757452,0.9384911157574516,0.2647302345108184,18.654805805929342,0.0,0.0,0.0,0.0,0.9384911157574516,4.938491115757452,Neutral,J.K. Dobbins,rush_only,5.5,-0.5615088842425484
00-0036322,Justin Jefferson,MIN,WR,WR,2025,2026,143,2,7.218653545192752,5.218653545192752,0.454048372892166,15.898423992166013,0.1621119758022471,0.21565612204304455,-0.05354414624079745,-0.8512675392347399,4.3673860059580125,6.3673860059580125,Strong Positive (Buy),Justin Jefferson,rec_only,7.0,-0.6326139940419875
00-0038120,Breece Hall,NYJ,RB,RB,2025,2026,291,5,6.632188406719932,1.6321884067199317,0.5540761407686374,11.96981410807454,0.018766637026164927,0.0,0.018766637026164927,0.224633156636903,1.8568215633568348,6.856821563356835,Positive,Breece Hall,rush_rec,7.5,-0.643178436643165
00-0035261,Tony Pollard,TEN,RB,RB,2025,2026,283,5,5.660807224173878,0.6608072241738778,0.5327214888539861,10.626204015820079,0.0,0.12275858812463634,-0.12275858812463634,-1.3044578021064137,-0.6436505779325359,4.356349422067464,Negative,Tony Pollard,rush_only,5.0,-0.6436505779325357
00-0039849,Marvin Harrison Jr.,ARI,WR,WR,2025,2026,73,4,3.8569033821767755,-0.14309661782322447,0.29300999000755845,13.163043970198025,0.1033463128023373,0.06638091126517758,0.03696540153715973,0.4865772058096592,0.3434805879864347,4.343480587986435,Neutral,Marvin Harrison,rec_only,5.0,-0.6565194120135649
00-0039040,De'Von Achane,MIA,RB,RB,2025,2026,323,12,8.700408421827747,-3.2995915781722527,0.5233907504170128,16.623160449235446,0.005521022188797531,0.0,0.005521022188797531,0.09177683768817042,-3.2078147404840824,8.792185259515918,Strong Negative (Sell),De'Von Achane,rush_rec,9.5,-0.707814740484082
00-0036970,Kyle Pitts,ATL,TE,TE,2025,2026,118,5,4.825083349597617,-0.17491665040238313,0.928434477864647,5.197010090248984,0.001047785235241847,0.20044396849317447,-0.19939618325793262,-1.0362639763486114,-1.2111806267509946,3.788819373249005,Negative,Kyle Pitts Sr.,rec_only,4.5,-0.7111806267509948
00-0036040,Juwan Johnson,NO,TE,TE,2025,2026,102,3,3.083049096920836,0.08304909692083617,0.7048348986147076,4.374143651201585,0.13050038589922167,0.23850895723056342,-0.10800857133134176,-0.4724450065643421,-0.3893959096435059,2.610604090356494,Negative,Juwan Johnson,rec_only,3.5,-0.8893959096435058
00-0038129,Cade Otton,TB,TE,TE,2025,2026,81,1,2.5503360257765784,1.5503360257765784,0.8133093279470958,3.1357515992272904,0.0,0.0,0.0,0.0,1.5503360257765784,2.5503360257765784,Positive,Cade Otton,rec_only,3.5,-0.9496639742234216
00-0035659,Terry McLaurin,WAS,WR,WR,2025,2026,60,3,2.882274131692125,-0.11772586830787501,0.21519447649132975,13.393810931798022,0.22653214043166564,0.11016819874707419,0.11636394168459145,1.5585566342021886,1.4408307658943136,4.440830765894313,Neutral,Terry McLaurin,rec_only,5.5,-1.0591692341056866
00-0033288,George Kittle,SF,TE,TE,2025,2026,70,7,4.436828775189654,-2.563171224810346,0.47625267073198563,9.316123662614606,0.0,0.0,0.0,0.0,-2.563171224810346,4.436828775189654,Strong Negative (Sell),George Kittle,rec_only,5.5,-1.063171224810346
00-0040189,Oronde Gadsden II,LAC,TE,TE,2025,2026,69,3,4.4096486494102045,1.4096486494102045,0.8662537104338653,5.090481687174097,0.1337462895661346,0.4281906226291909,-0.2944443330630563,-1.4988634853496785,-0.08921483593947399,2.910785164060526,Neutral,Oronde Gadsden,rec_only,4.0,-1.0892148359394742
00-0040667,Matthew Golden,GB,WR,WR,2025,2026,54,0,1.1903725671941257,1.1903725671941257,0.08972220019371006,13.267313603813921,0.11772910356828759,0.0018326045614399378,0.11589649900684765,1.5376351979079563,2.728007765102082,2.728007765102082,Positive,Matthew Golden,rec_only,4.0,-1.271992234897918
00-0040735,Luther Burden III,CHI,WR,WR,2025,2026,66,2,1.6151553703209711,-0.3848446296790289,0.09292348016837709,17.381563490673337,0.11217763973627354,0.019744305814628355,0.09243333392164518,1.6066358622136852,1.2217912325346563,3.221791232534656,Neutral,Luther Burden III,rec_only,4.5,-1.278208767465344
00-0038996,Tucker Kraft,GB,TE,TE,2025,2026,45,6,2.8288894162144285,-3.1711105837855715,0.5106029617843166,5.540291827389316,0.15462148752048877,0.0,0.15462148752048877,0.856648163648543,-2.3144624201370285,3.6855375798629715,Strong Negative (Sell),Tucker Kraft,rec_only,5.0,-1.3144624201370285
00-0036410,Tee Higgins,CIN,WR,WR,2025,2026,98,11,5.931502342565743,-5.068497657434257,0.3204784915165253,18.508269664205805,0.0,0.0,0.0,0.0,-5.068497657434257,5.931502342565743,Strong Negative (Sell),Tee Higgins,rec_only,7.5,-1.568497657434257
00-0039065,Sam LaPorta,DET,TE,TE,2025,2026,49,3,2.210388424196959,-0.7896115758030411,0.4948811441160892,4.466503625117804,0.170771161517686,0.023974369054585935,0.14679679246310007,0.6556684056921024,-0.1339431701109387,2.8660568298890614,Neutral,Sam LaPorta,rec_only,4.5,-1.6339431701109386
00-0040715,Cam Skattebo,NYG,RB,RB,2025,2026,133,7,6.844879924738287,-0.15512007526171256,0.3628145645749975,18.86605608778801,0.0,0.00031625467366607493,-0.00031625467366607493,-0.005966478411409263,-0.16108655367312183,6.838913446326878,Neutral,Cam Skattebo,rush_rec,8.5,-1.6610865536731216
00-0038543,Jaxon Smith-Njigba,SEA,WR,WR,2025,2026,170,10,6.6913227696460575,-3.3086772303539425,0.42264282182868546,15.83209846246561,0.0013731581934899437,0.0,0.0013731581934899437,0.02173997572387419,-3.286937254630068,6.713062745369932,Strong Negative (Sell),Jaxon Smith-Njigba,rec_only,8.5,-1.7869372546300681
00-0034348,Courtland Sutton,DEN,WR,WR,2025,2026,124,7,7.008327705303594,0.008327705303593724,0.3577829603704301,19.588209841093413,0.010883540392086711,0.12903327526688088,-0.11814973487479417,-2.314341799397021,-2.306014094093427,4.6939859059065725,Strong Negative (Sell),Courtland Sutton,rec_only,6.5,-1.8060140940934275
00-0038933,Dalton Kincaid,BUF,TE,TE,2025,2026,49,5,2.4459576051259573,-2.5540423948740427,0.29633537183565667,8.254018377807595,0.0,0.030810240857883135,-0.030810240857883135,-0.25430829426564583,-2.8083506891396883,2.1916493108603117,Strong Negative (Sell),Dalton Kincaid,rec_only,4.0,-1.8083506891396883
00-0040666,Omarion Hampton,LAC,RB,RB,2025,2026,159,5,6.043837931285847,1.0438379312858466,0.38113282351096084,15.857563448906243,0.009075128695173476,0.0319087759638539,-0.022833647268680424,-0.36208601033304455,0.681751920952802,5.681751920952802,Neutral,Omarion Hampton,rush_only,7.5,-1.8182480790471978
00-0036358,CeeDee Lamb,DAL,WR,WR,2025,2026,118,3,6.391200525330814,3.391200525330814,0.3019369133454587,21.167337423292704,0.02529948973202427,0.06652029418658506,-0.04122080445456079,-0.8725346767492552,2.5186658485815587,5.518665848581559,Positive,CeeDee Lamb,rec_only,7.5,-1.9813341514184408
00-0040124,Tetairoa McMillan,CAR,WR,WR,2025,2026,122,7,5.65321780209485,-1.3467821979051502,0.4857044544723306,11.639213414743141,0.0,0.10167456010624987,-0.10167456010624987,-1.1834119039267712,-2.5301941018319214,4.469805898168079,Strong Negative (Sell),Tetairoa McMillan,rec_only,6.5,-2.0301941018319214
00-0036900,Ja'Marr Chase,CIN,WR,WR,2025,2026,188,8,7.94237563648416,-0.057624363515840216,0.42912577894001463,18.508269664205805,0.0,0.0,0.0,0.0,-0.057624363515840216,7.94237563648416,Neutral,Ja'Marr Chase,rec_only,10.0,-2.05762436351584
00-0037240,Jameson Williams,DET,WR,WR,2025,2026,108,7,4.216772622772368,-2.7832273772276324,0.20369842010453446,20.701057085314623,0.009615318977036635,0.047418974324027675,-0.03780365534699104,-0.7825756273716209,-3.5658030045992533,3.4341969954007467,Strong Negative (Sell),Jameson Williams,rec_only,5.5,-2.0658030045992533
00-0037740,Garrett Wilson,NYJ,WR,WR,2025,2026,59,4,1.554047436180331,-2.4459525638196693,0.2001075347111922,7.766061574958835,0.11293848586875534,0.03801707858481052,0.07492140728394481,0.5818442622496848,-1.8641083015699844,2.1358916984300156,Strong Negative (Sell),Garrett Wilson,rec_only,4.5,-2.3641083015699844
00-0039491,Jalen Coker,CAR,WR,WR,2025,2026,43,3,1.4038993827800168,-1.5961006172199832,0.12061806350261846,11.639213414743141,0.0,0.025249487490947197,-0.025249487490947197,-0.2938841735200218,-1.889984790740005,1.110015209259995,Strong Negative (Sell),Jalen Coker,rec_only,3.5,-2.389984790740005
00-0039338,Brock Bowers,LV,TE,TE,2025,2026,88,7,5.44816317616183,-1.55183682383817,0.6859885730105967,7.942061122463727,0.0,0.15767273997722647,-0.15767273997722647,-1.2522465382454626,-2.8040833620836327,4.195916637916367,Strong Negative (Sell),Brock Bowers,rec_only,7.0,-2.8040833620836327
00-0039361,Bucky Irving,TB,RB,RB,2025,2026,208,4,3.334538330250143,-0.665461669749857,0.18385282948433332,18.136997617076595,0.13689859461750267,0.11226299843564261,0.024635596181860064,0.44681574924565726,-0.21864592050419973,3.7813540794958005,Neutral,Bucky Irving,rush_rec,7.5,-3.7186459205041995
